{"cameraMode":{"drawMode":0,"name":"Shaded","section":"Shading Mode"},"sceneLighting":true,"audioPlay":false,"sceneViewState":{"m_AlwaysRefresh":true,"showFog":true,"showSkybox":true,"showFlares":true,"showImageEffects":true,"showParticleSystems":true,"showVisualEffectGraphs":true,"m_FxEnabled":true},"in2DMode":false,"pivot":{"x":21.009510040283204,"y":6.9701104164123539,"z":53.01905059814453},"rotation":{"x":-0.0311582013964653,"y":-0.968915581703186,"z":0.18417559564113618,"w":-0.16502074897289277},"size":0.8660253882408142,"orthographic":false}