{"cameraMode":{"drawMode":0,"name":"Shaded","section":"Shading Mode"},"sceneLighting":true,"audioPlay":false,"sceneViewState":{"m_AlwaysRefresh":true,"showFog":true,"showSkybox":false,"showFlares":true,"showImageEffects":true,"showParticleSystems":true,"showVisualEffectGraphs":true,"m_FxEnabled":true},"in2DMode":false,"pivot":{"x":-298.69549560546877,"y":5.054500579833984,"z":10.268999099731446},"rotation":{"x":0.14336028695106507,"y":0.16713273525238038,"z":-0.023895161226391794,"w":0.9754550457000732},"size":14.06306266784668,"orthographic":false}